firstName,lastName,email,password,confirm_password
Mutasim Hasan,Muhi,muhi@gmail.com,admin123,admin123
Bakhtiar ,Abid,abid@gmail.com,admin123,admin123
Md.,Shahin,shahin@gmail.com,admin123,admin123
Mehedi,Hasan,mehedi@gmail.com,admin123,admin123
